borough,breedname,count
Bronx,Unknown,1508
Bronx,Yorkshire Terrier,1183
Bronx,Shih Tzu,1083
Bronx,Chihuahua,845
Bronx,American Pit Bull Terrier/Pit Bull,718
Bronx,American Pit Bull Mix / Pit Bull Mix,533
Bronx,Maltese,511
Bronx,Labrador Retriever,257
Bronx,Pomeranian,239
Bronx,German Shepherd Dog,226
Bronx,Jack Russell Terrier,188
Bronx,Labrador Retriever Crossbreed,187
Bronx,Shih Tzu Crossbreed,182
Bronx,Beagle,176
Bronx,Siberian Husky,153
Bronx,Pug,150
Bronx,Chihuahua Crossbreed,141
Bronx,Cocker Spaniel,139
Bronx,Yorkshire Terrier Crossbreed,137
Bronx,"Poodle, Miniature",130
Bronx,"Poodle, Toy",121
Bronx,Rottweiler,113
Bronx,Miniature Pinscher,112
Bronx,German Shepherd Crossbreed,111
Bronx,Boxer,110
Bronx,American Staffordshire Terrier ,109
Bronx,Poodle,105
Bronx,Shiba Inu,104
Bronx,Boston Terrier,102
Bronx,Bichon Frise,100
Bronx,"Poodle, Standard",96
Bronx,Lhasa Apso,89
Bronx,Golden Retriever,89
Bronx,"Bull Dog, English",88
Bronx,Havanese,87
Bronx,Maltese Crossbreed,86
Bronx,"Schnauzer, Miniature",85
Bronx,Poodle Crossbreed,80
Bronx,Beagle Crossbreed,77
Bronx,Dachshund Smooth Coat,71
Bronx,Pekingese,70
Bronx,Puggle,66
Bronx,Terrier mix,48
Bronx,Staffordshire Bull Terrier,48
Bronx,American Bully,46
Bronx,Chow Chow,42
Bronx,Dachshund,40
Bronx,Cavalier King Charles Spaniel,39
Bronx,Morkie,33
Bronx,Cairn Terrier,33
Bronx,Maltipoo,33
Bronx,West High White Terrier,31
Bronx,French Bulldog,31
Bronx,Doberman Pinscher,31
Bronx,"Bull Dog, French",31
Bronx,Wheaton Terrier,30
Bronx,Australian Shepherd,29
Bronx,Silky Terrier,29
Bronx,Bulldog,28
Bronx,Dachshund Smooth Coat Miniature,27
Bronx,American Eskimo dog,26
Bronx,Papillon,26
Bronx,Bull Terrier,26
Bronx,Shetland Sheepdog,25
Bronx,Labradoodle,24
Bronx,Miniature Schnauzer,24
Bronx,"Schnauzer, Standard",24
Bronx,"Shar-Pei, Chinese",23
Bronx,Dachshund Crossbreed,21
Bronx,Cane Corso,20
Bronx,Pomeranian Crossbreed,20
Bronx,"Collie, Border",19
Bronx,Rat Terrier,19
Bronx,Akita,18
Bronx,Terrier Crossbreed,16
Bronx,Border Collie,15
Bronx,Australian Cattledog,15
Bronx,"Welsh Corgi, Pembroke",15
Bronx,Belgian Malinois,14
Bronx,Rhodesian Ridgeback,13
Bronx,"Dachshund, Long Haired",13
Bronx,Border Terrier,13
Bronx,Scottish Terrier,12
Bronx,Basenji,12
Bronx,Bassett Hound,12
Bronx,Pointer,12
Bronx,Bernese Mountain Dog,12
Bronx,"Dachshund, Long Haired Miniature",11
Bronx,Schnauzer Crossbreed,11
Bronx,Cotton De Tulear,10
Bronx,"Mastiff, Bull",10
Bronx,Goldendoodle,10
Bronx,Italian Greyhound,9
Bronx,Brussels Griffon,9
Bronx,West Highland White Terrier,9
Bronx,Australian Cattle Dog,9
Bronx,Great Dane,9
Bronx,Pembroke Welsh Corgi,9
Bronx,Japanese Chin,9
Bronx,Collie Crossbreed,8
Bronx,Parson Russell Terrier,8
Bronx,Basset Hound,8
Bronx,Wire Fox Terrier,8
Bronx,Dalmatian,8
Bronx,Chinese Shar-Pei,7
Bronx,Tibetan Terrier,7
Bronx,Japanese Chin/Spaniel,6
Bronx,Akita Crossbreed,6
Bronx,Norfolk Terrier,6
Bronx,Tibetan Spaniel,6
Bronx,Perro de Presa Canario,5
Bronx,Weimaraner,5
Bronx,Dogo Argentino,5
Bronx,English Springer Spaniel,5
Bronx,Rottweiler Crossbreed,5
Bronx,"Collie, Smooth Coat",5
Bronx,Keeshond,5
Bronx,Brittany Spaniel,5
Bronx,Alaskan Malamute,5
Bronx,"Mastiff, Old English",5
Bronx,Dutch Shepherd,5
Bronx,Vizsla,5
Bronx,Samoyed,5
Bronx,Irish Wolfhound,4
Bronx,Anatolian Shepherd Dog,4
Bronx,Catahoula Leopard Dog,4
Bronx,"Mastiff, Neapolitan",4
Bronx,"Dachshund, Wirehaired",4
Bronx,"Coonhound, Black and Tan",4
Bronx,"Collie, Rough Coat",4
Bronx,Mastiff,4
Bronx,Greyhound,4
Bronx,"Coonhound, Blue Tick",4
Bronx,Bluetick Coonhound,4
Bronx,Black and Tan Coonhound,4
Bronx,"Bull Dog, American",4
Bronx,German Shorthaired Pointer,3
Bronx,Irish Terrier,3
Bronx,Collie,3
Bronx,Australian Terrier,3
Bronx,Norwich Terrier,3
Bronx,Australian Silky Terrier,3
Bronx,"Pointer, German Shorthaired",3
Bronx,Siberian Husky Crossbreed,3
Bronx,Chesapeake Bay Retriever,3
Bronx,Belgian Sheepdog,3
Bronx,Tibetan Mastiff,3
Bronx,Dogue de Bordeaux,3
Bronx,Coton de Tulear,3
Bronx,Afghan Hound,3
Bronx,Redbone Coonhound,3
Bronx,"Schnauzer, Miniature Crossbreed",3
Bronx,German Wirehaired Pointer,3
Bronx,Chinese Crested,3
Bronx,Saint Bernard,3
Bronx,Whippet,2
Bronx,Finnish Spitz,2
Bronx,Soft Coated Wheaten Terrier,2
Bronx,Pembroke Welsh Corgi Crossbreed,2
Bronx,Norwegian Elkhound,2
Bronx,Boxer Crossbreed,2
Bronx,Cocker Spaniel Crossbreed,2
Bronx,Bloodhound,2
Bronx,English Cocker Spaniel,2
Bronx,Canaan Dog,2
Bronx,Portuguese Water Dog,2
Bronx,Affenpinscher,2
Bronx,Welsh Springer Spaniel,2
Bronx,Australian Kelpie,2
Bronx,Bullmastiff,2
Bronx,Clumber Spaniel,2
Bronx,"Jindo Dog, Korea",2
Bronx,Schipperkee,2
Bronx,"Schnauzer, Giant",2
Bronx,Newfoundland,2
Bronx,Skye Terrier,2
Bronx,Cardigan Welsh Corgi,2
Bronx,Miniature American Shepherd,2
Bronx,Toy Fox Terrier,2
Bronx,Kuvasz,2
Bronx,"Mastiff, French (Dogue de Bordeaux)",2
Bronx,German Pinscher,2
Bronx,Glen of Imaal Terrier,2
Bronx,Manchester Terrier,1
Bronx,Border Collie Crossbreed,1
Bronx,Hovawart,1
Bronx,Boerboel,1
Bronx,Pug Crossbreed,1
Bronx,Great Pyrenees,1
Bronx,Field Spaniel,1
Bronx,Plott,1
Bronx,"Collie, Bearded ",1
Bronx,Cesky Terrier,1
Bronx,"Mastiff, Tibetan",1
Bronx,German Spitz,1
Bronx,Treeing Walker Coonhound,1
Bronx,Bedlington Terrier,1
Bronx,Greater Swiss Mountain Dog,1
Bronx,Rat Terrier Crossbreed,1
Bronx,Gordon Setter,1
Bronx,Mudi,1
Bronx,American English Coonhound,1
Bronx,Ibizan Hound,1
Bronx,Cirneco dell,1
Bronx,Russell Terrier,1
Bronx,Polish Hound,1
Bronx,"Coonhound, Treeing Walker",1
Bronx,American Foxhound,1
Bronx,Bearded Collie,1
Bronx,Miniature Bull Terrier,1
Bronx,Airedale Terrier,1
Bronx,Thai Ridgeback,1
Bronx,Portuguese Podengo Pequeno,1
Brooklyn,Unknown,4017
Brooklyn,Yorkshire Terrier,1873
Brooklyn,Shih Tzu,1799
Brooklyn,Chihuahua,1420
Brooklyn,American Pit Bull Mix / Pit Bull Mix,1040
Brooklyn,American Pit Bull Terrier/Pit Bull,946
Brooklyn,Labrador Retriever,933
Brooklyn,Maltese,910
Brooklyn,Labrador Retriever Crossbreed,778
Brooklyn,Pomeranian,528
Brooklyn,Jack Russell Terrier,516
Brooklyn,Beagle,483
Brooklyn,German Shepherd Crossbreed,459
Brooklyn,German Shepherd Dog,443
Brooklyn,Cocker Spaniel,415
Brooklyn,Pug,394
Brooklyn,Golden Retriever,352
Brooklyn,Boston Terrier,310
Brooklyn,Shiba Inu,298
Brooklyn,Siberian Husky,290
Brooklyn,Boxer,282
Brooklyn,Chihuahua Crossbreed,273
Brooklyn,"Poodle, Miniature",269
Brooklyn,Havanese,263
Brooklyn,Beagle Crossbreed,261
Brooklyn,Bichon Frise,251
Brooklyn,Shih Tzu Crossbreed,248
Brooklyn,Cavalier King Charles Spaniel,242
Brooklyn,"Schnauzer, Miniature",239
Brooklyn,Australian Shepherd,228
Brooklyn,"Poodle, Toy",227
Brooklyn,Terrier mix,226
Brooklyn,American Staffordshire Terrier ,226
Brooklyn,"Bull Dog, French",221
Brooklyn,French Bulldog,209
Brooklyn,"Poodle, Standard",206
Brooklyn,Miniature Pinscher,205
Brooklyn,"Bull Dog, English",204
Brooklyn,Dachshund Smooth Coat,182
Brooklyn,Puggle,175
Brooklyn,Rottweiler,173
Brooklyn,Lhasa Apso,168
Brooklyn,Poodle,158
Brooklyn,Poodle Crossbreed,157
Brooklyn,Dachshund,157
Brooklyn,Maltese Crossbreed,154
Brooklyn,Yorkshire Terrier Crossbreed,152
Brooklyn,Labradoodle,139
Brooklyn,Cairn Terrier,128
Brooklyn,Pekingese,120
Brooklyn,Australian Cattledog,110
Brooklyn,Border Collie,109
Brooklyn,Dachshund Smooth Coat Miniature,103
Brooklyn,West High White Terrier,92
Brooklyn,Rat Terrier,92
Brooklyn,Miniature Schnauzer,90
Brooklyn,Terrier Crossbreed,89
Brooklyn,Brussels Griffon,87
Brooklyn,Wheaton Terrier,87
Brooklyn,Staffordshire Bull Terrier,82
Brooklyn,Cane Corso,81
Brooklyn,Papillon,77
Brooklyn,"Collie, Border",76
Brooklyn,Italian Greyhound,72
Brooklyn,Maltipoo,71
Brooklyn,Silky Terrier,71
Brooklyn,Goldendoodle,71
Brooklyn,Morkie,70
Brooklyn,Border Terrier,67
Brooklyn,"Welsh Corgi, Pembroke",67
Brooklyn,Collie Crossbreed,66
Brooklyn,Bull Terrier,66
Brooklyn,Doberman Pinscher,65
Brooklyn,Bulldog,64
Brooklyn,Chow Chow,62
Brooklyn,American Eskimo dog,61
Brooklyn,Greyhound,61
Brooklyn,Dachshund Crossbreed,59
Brooklyn,Vizsla,57
Brooklyn,"Schnauzer, Standard",57
Brooklyn,"Dachshund, Long Haired Miniature",56
Brooklyn,Bassett Hound,56
Brooklyn,"Dachshund, Long Haired",53
Brooklyn,"Shar-Pei, Chinese",51
Brooklyn,Rhodesian Ridgeback,51
Brooklyn,Pointer,50
Brooklyn,Tibetan Terrier,50
Brooklyn,American Bully,48
Brooklyn,Shetland Sheepdog,46
Brooklyn,Great Dane,43
Brooklyn,Basenji,42
Brooklyn,Pembroke Welsh Corgi,41
Brooklyn,Wire Fox Terrier,40
Brooklyn,Whippet,38
Brooklyn,Belgian Malinois,38
Brooklyn,Catahoula Leopard Dog,36
Brooklyn,Bernese Mountain Dog,34
Brooklyn,Akita,34
Brooklyn,"Coonhound, Black and Tan",33
Brooklyn,Cotton De Tulear,33
Brooklyn,Brittany Spaniel,32
Brooklyn,Australian Cattle Dog,32
Brooklyn,English Cocker Spaniel,29
Brooklyn,Portuguese Water Dog,28
Brooklyn,Basset Hound,28
Brooklyn,"Welsh Corgi, Cardigan",27
Brooklyn,Pomeranian Crossbreed,26
Brooklyn,Weimaraner,26
Brooklyn,West Highland White Terrier,26
Brooklyn,Scottish Terrier,25
Brooklyn,Dalmatian,24
Brooklyn,Samoyed,23
Brooklyn,Great Pyrenees,23
Brooklyn,Schnauzer Crossbreed,23
Brooklyn,Plott,22
Brooklyn,Old English Sheepdog,22
Brooklyn,Japanese Chin/Spaniel,21
Brooklyn,Tibetan Spaniel,20
Brooklyn,Anatolian Shepherd Dog,20
Brooklyn,Norfolk Terrier,20
Brooklyn,"Dachshund, Wirehaired",19
Brooklyn,American Foxhound,18
Brooklyn,Mastiff,18
Brooklyn,Parson Russell Terrier,18
Brooklyn,Akita Crossbreed,17
Brooklyn,"Coonhound, Treeing Walker",17
Brooklyn,Siberian Husky Crossbreed,17
Brooklyn,Alaskan Malamute,16
Brooklyn,Norwich Terrier,16
Brooklyn,"Pointer, German Shorthaired",16
Brooklyn,Rottweiler Crossbreed,16
Brooklyn,Boxer Crossbreed,14
Brooklyn,Border Collie Crossbreed,14
Brooklyn,Newfoundland,14
Brooklyn,Chinese Crested,13
Brooklyn,"Dachshund, Wirehaired, Miniature",13
Brooklyn,Irish Terrier,13
Brooklyn,Japanese Chin,13
Brooklyn,Cocker Spaniel Crossbreed,13
Brooklyn,Miniature American Shepherd,13
Brooklyn,English Springer Spaniel,13
Brooklyn,German Shorthaired Pointer,13
Brooklyn,Coton de Tulear,13
Brooklyn,"Collie, Smooth Coat",12
Brooklyn,Pug Crossbreed,12
Brooklyn,Soft Coated Wheaten Terrier,12
Brooklyn,"Bull Dog, American",12
Brooklyn,"Mastiff, Bull",12
Brooklyn,Affenpinscher,11
Brooklyn,Russell Terrier,11
Brooklyn,Australian Silky Terrier,11
Brooklyn,Bedlington Terrier,11
Brooklyn,Lagotto Romagnolo,11
Brooklyn,Welsh Terrier,10
Brooklyn,Schipperkee,10
Brooklyn,Black and Tan Coonhound,10
Brooklyn,Redbone Coonhound,10
Brooklyn,Collie,10
Brooklyn,Bloodhound,10
Brooklyn,Toy Fox Terrier,9
Brooklyn,Manchester Terrier,9
Brooklyn,"Jindo Dog, Korea",9
Brooklyn,"Mastiff, Old English",9
Brooklyn,Belgian Sheepdog,9
Brooklyn,Dutch Shepherd,9
Brooklyn,Borzoi,8
Brooklyn,Petit Basset Griffon Vendeen,8
Brooklyn,"Collie, Rough Coat",8
Brooklyn,"Schnauzer, Miniature Crossbreed",8
Brooklyn,Australian Terrier,8
Brooklyn,English Foxhound,8
Brooklyn,Airedale Terrier,8
Brooklyn,"Schnauzer, Giant",8
Brooklyn,Chesapeake Bay Retriever,8
Brooklyn,Treeing Walker Coonhound,8
Brooklyn,Flat-Coated Retriever,7
Brooklyn,Norwegian Elkhound,7
Brooklyn,Smooth Fox Terrier,7
Brooklyn,Saint Bernard,7
Brooklyn,Wirehaired Pointing Griffon,7
Brooklyn,Cardigan Welsh Corgi,7
Brooklyn,Australian Kelpie,6
Brooklyn,Keeshond,6
Brooklyn,American English Coonhound,6
Brooklyn,Chinese Shar-Pei,6
Brooklyn,Irish Setter,6
Brooklyn,Bullmastiff,6
Brooklyn,Jindo,5
Brooklyn,Brittany,5
Brooklyn,Bluetick Coonhound,5
Brooklyn,"Mastiff, French (Dogue de Bordeaux)",5
Brooklyn,Pembroke Welsh Corgi Crossbreed,5
Brooklyn,Boerboel,5
Brooklyn,St. Bernard,5
Brooklyn,Schipperke,5
Brooklyn,English Setter,5
Brooklyn,Pharaoh Hound,5
Brooklyn,Afghan Hound,5
Brooklyn,Nova Scotia Duck Tolling Retriever,5
Brooklyn,Welsh Springer Spaniel,5
Brooklyn,Clumber Spaniel,5
Brooklyn,Bearded Collie,4
Brooklyn,Dogo Argentino,4
Brooklyn,Sealyham Terrier,4
Brooklyn,Entlebucher Mountain Dog,4
Brooklyn,"Pointer, German Wirehaired",4
Brooklyn,Ibizan Hound,4
Brooklyn,Rat Terrier Crossbreed,4
Brooklyn,Skye Terrier,4
Brooklyn,German Spitz,4
Brooklyn,Puli,4
Brooklyn,German Wirehaired Pointer,4
Brooklyn,"Mastiff, Neapolitan",4
Brooklyn,Irish Wolfhound,3
Brooklyn,Bouvier Des Flandres,3
Brooklyn,Harrier,3
Brooklyn,German Pinscher,3
Brooklyn,Portuguese Podengo Pequeno,3
Brooklyn,Gordon Setter,3
Brooklyn,Bichon Frise Crossbreed,3
Brooklyn,Shiba Inu Crossbreed,3
Brooklyn,Pharoh hound,3
Brooklyn,Kerry Blue Terrier,3
Brooklyn,Belgian Griffon,3
Brooklyn,Lowchen,3
Brooklyn,Field Spaniel,3
Brooklyn,Spinone Italiano,3
Brooklyn,Briard,2
Brooklyn,Belgian Tervuren,2
Brooklyn,Miniature Bull Terrier,2
Brooklyn,"Coonhound, Blue Tick",2
Brooklyn,Canaan Dog,2
Brooklyn,Glen of Imaal Terrier,2
Brooklyn,Black Russian Terrier,2
Brooklyn,Dandie Dinmont Terrier,2
Brooklyn,Finnish Spitz,2
Brooklyn,Perro de Presa Canario,2
Brooklyn,Biewer Terrier,2
Brooklyn,German Longhaired Pointer,2
Brooklyn,Giant Schnauzer,2
Brooklyn,Dogue de Bordeaux,2
Brooklyn,Fila Brasileiro,2
Brooklyn,Cesky Terrier,1
Brooklyn,Scottish Deerhound,1
Brooklyn,Peruvian Inca Orchid,1
Brooklyn,"Mastiff, Tibetan",1
Brooklyn,Lancashire Heeler,1
Brooklyn,Sussex Spaniel,1
Brooklyn,Norwegian Buhund,1
Brooklyn,Tibetan Mastiff,1
Brooklyn,Thai Ridgeback,1
Brooklyn,Chinook,1
Brooklyn,Eurasier,1
Brooklyn,Kai Ken,1
Brooklyn,Pumi,1
Brooklyn,Pyrenean Shepherd,1
Brooklyn,Bolognese,1
Brooklyn,Bracco Italiano,1
Brooklyn,Saluki,1
Brooklyn,Polish Hound,1
Brooklyn,"Collie, Bearded ",1
Brooklyn,English Toy Spaniel,1
Brooklyn,Boykin Spaniel,1
Brooklyn,Lakeland Terrier,1
Brooklyn,Miniature Fox Terrier,1
Brooklyn,Polish Lowland Sheepdog,1
Brooklyn,Spanish Water Dog,1
Brooklyn,Kooikerhondje,1
Brooklyn,Swedish Vallhund,1
Manhattan,Unknown,5568
Manhattan,Yorkshire Terrier,1986
Manhattan,Chihuahua,1874
Manhattan,Shih Tzu,1768
Manhattan,Labrador Retriever,1654
Manhattan,Maltese,1146
Manhattan,Havanese,1128
Manhattan,Labrador Retriever Crossbreed,942
Manhattan,Golden Retriever,908
Manhattan,Cavalier King Charles Spaniel,792
Manhattan,American Pit Bull Mix / Pit Bull Mix,774
Manhattan,Jack Russell Terrier,747
Manhattan,French Bulldog,629
Manhattan,American Pit Bull Terrier/Pit Bull,617
Manhattan,Pomeranian,616
Manhattan,"Poodle, Miniature",613
Manhattan,Beagle,611
Manhattan,"Poodle, Toy",610
Manhattan,Cocker Spaniel,580
Manhattan,Pug,555
Manhattan,Labradoodle,512
Manhattan,"Bull Dog, French",506
Manhattan,Boston Terrier,501
Manhattan,Shiba Inu,488
Manhattan,"Schnauzer, Miniature",436
Manhattan,Australian Shepherd,417
Manhattan,"Bull Dog, English",400
Manhattan,German Shepherd Crossbreed,392
Manhattan,Chihuahua Crossbreed,383
Manhattan,Boxer,372
Manhattan,Bichon Frise,365
Manhattan,"Poodle, Standard",361
Manhattan,German Shepherd Dog,335
Manhattan,Beagle Crossbreed,334
Manhattan,Poodle Crossbreed,308
Manhattan,Shih Tzu Crossbreed,303
Manhattan,Terrier mix,301
Manhattan,Poodle,274
Manhattan,Dachshund Smooth Coat,269
Manhattan,Miniature Pinscher,267
Manhattan,West High White Terrier,264
Manhattan,Siberian Husky,260
Manhattan,Goldendoodle,231
Manhattan,Dachshund Smooth Coat Miniature,231
Manhattan,Cairn Terrier,225
Manhattan,Wheaton Terrier,224
Manhattan,American Staffordshire Terrier ,219
Manhattan,Puggle,218
Manhattan,Lhasa Apso,212
Manhattan,Dachshund,207
Manhattan,Pekingese,182
Manhattan,Yorkshire Terrier Crossbreed,169
Manhattan,Brussels Griffon,161
Manhattan,Border Collie,159
Manhattan,Tibetan Terrier,154
Manhattan,Italian Greyhound,147
Manhattan,"Dachshund, Long Haired Miniature",144
Manhattan,Papillon,144
Manhattan,Vizsla,139
Manhattan,Maltese Crossbreed,139
Manhattan,Border Terrier,138
Manhattan,Miniature Schnauzer,136
Manhattan,Portuguese Water Dog,130
Manhattan,Rat Terrier,128
Manhattan,Rhodesian Ridgeback,127
Manhattan,"Collie, Border",123
Manhattan,Cotton De Tulear,117
Manhattan,Shetland Sheepdog,113
Manhattan,Greyhound,105
Manhattan,Maltipoo,102
Manhattan,Rottweiler,101
Manhattan,Bernese Mountain Dog,99
Manhattan,Scottish Terrier,99
Manhattan,Morkie,96
Manhattan,Australian Cattledog,95
Manhattan,Staffordshire Bull Terrier,95
Manhattan,Chow Chow,95
Manhattan,Collie Crossbreed,89
Manhattan,American Eskimo dog,88
Manhattan,Terrier Crossbreed,86
Manhattan,"Welsh Corgi, Pembroke",85
Manhattan,Pointer,84
Manhattan,West Highland White Terrier,84
Manhattan,Norwich Terrier,81
Manhattan,Whippet,77
Manhattan,Basenji,77
Manhattan,English Cocker Spaniel,75
Manhattan,Wire Fox Terrier,75
Manhattan,"Dachshund, Long Haired",73
Manhattan,Silky Terrier,70
Manhattan,Doberman Pinscher,70
Manhattan,Bulldog,70
Manhattan,"Shar-Pei, Chinese",68
Manhattan,Dachshund Crossbreed,68
Manhattan,Weimaraner,66
Manhattan,Pembroke Welsh Corgi,65
Manhattan,Miniature American Shepherd,65
Manhattan,Bassett Hound,64
Manhattan,Bull Terrier,63
Manhattan,Norfolk Terrier,59
Manhattan,"Schnauzer, Standard",58
Manhattan,Brittany Spaniel,56
Manhattan,Coton de Tulear,56
Manhattan,Schnauzer Crossbreed,47
Manhattan,Great Dane,46
Manhattan,Samoyed,45
Manhattan,"Dachshund, Wirehaired, Miniature",44
Manhattan,Irish Terrier,42
Manhattan,Australian Cattle Dog,40
Manhattan,Pomeranian Crossbreed,39
Manhattan,"Welsh Corgi, Cardigan",37
Manhattan,Catahoula Leopard Dog,35
Manhattan,German Shorthaired Pointer,35
Manhattan,English Springer Spaniel,35
Manhattan,Tibetan Spaniel,34
Manhattan,Cane Corso,34
Manhattan,"Pointer, German Shorthaired",34
Manhattan,Basset Hound,34
Manhattan,"Dachshund, Wirehaired",32
Manhattan,Soft Coated Wheaten Terrier,32
Manhattan,Japanese Chin/Spaniel,29
Manhattan,American Bully,29
Manhattan,Belgian Malinois,28
Manhattan,"Coonhound, Black and Tan",28
Manhattan,Dalmatian,28
Manhattan,Newfoundland,28
Manhattan,Akita,26
Manhattan,Old English Sheepdog,26
Manhattan,Toy Fox Terrier,23
Manhattan,Parson Russell Terrier,21
Manhattan,Anatolian Shepherd Dog,21
Manhattan,Plott,20
Manhattan,"Coonhound, Treeing Walker",20
Manhattan,Australian Kelpie,20
Manhattan,"Collie, Bearded ",20
Manhattan,"Collie, Rough Coat",19
Manhattan,Collie,19
Manhattan,Airedale Terrier,19
Manhattan,"Collie, Smooth Coat",19
Manhattan,Irish Setter,19
Manhattan,Lagotto Romagnolo,18
Manhattan,"Mastiff, Bull",18
Manhattan,Great Pyrenees,18
Manhattan,Petit Basset Griffon Vendeen,18
Manhattan,Cocker Spaniel Crossbreed,17
Manhattan,Siberian Husky Crossbreed,17
Manhattan,Alaskan Malamute,17
Manhattan,Schipperkee,17
Manhattan,Manchester Terrier,17
Manhattan,Japanese Chin,17
Manhattan,Australian Silky Terrier,16
Manhattan,Brittany,16
Manhattan,Chinese Crested,16
Manhattan,Black and Tan Coonhound,15
Manhattan,Flat-Coated Retriever,15
Manhattan,Saint Bernard,15
Manhattan,Akita Crossbreed,14
Manhattan,Redbone Coonhound,14
Manhattan,Chinese Shar-Pei,14
Manhattan,Mastiff,14
Manhattan,Welsh Terrier,13
Manhattan,Australian Terrier,13
Manhattan,Rottweiler Crossbreed,13
Manhattan,Chesapeake Bay Retriever,13
Manhattan,American Foxhound,13
Manhattan,Affenpinscher,13
Manhattan,Briard,13
Manhattan,Nova Scotia Duck Tolling Retriever,12
Manhattan,"Jindo Dog, Korea",12
Manhattan,Pharaoh Hound,12
Manhattan,Bedlington Terrier,11
Manhattan,Bouvier Des Flandres,11
Manhattan,Border Collie Crossbreed,11
Manhattan,Pug Crossbreed,11
Manhattan,Keeshond,11
Manhattan,Pharoh hound,11
Manhattan,Glen of Imaal Terrier,10
Manhattan,Afghan Hound,10
Manhattan,Norwegian Elkhound,10
Manhattan,Cardigan Welsh Corgi,10
Manhattan,Belgian Sheepdog,10
Manhattan,Puli,10
Manhattan,"Mastiff, Old English",10
Manhattan,Welsh Springer Spaniel,10
Manhattan,Bloodhound,10
Manhattan,Dutch Shepherd,9
Manhattan,"Schnauzer, Giant",9
Manhattan,Bullmastiff,9
Manhattan,"Pointer, German Wirehaired",9
Manhattan,Treeing Walker Coonhound,9
Manhattan,Boxer Crossbreed,9
Manhattan,"Schnauzer, Miniature Crossbreed",8
Manhattan,"Mastiff, French (Dogue de Bordeaux)",8
Manhattan,"Bull Dog, American",8
Manhattan,Clumber Spaniel,8
Manhattan,Bluetick Coonhound,8
Manhattan,Borzoi,7
Manhattan,Smooth Fox Terrier,7
Manhattan,Irish Wolfhound,7
Manhattan,Bearded Collie,7
Manhattan,English Foxhound,7
Manhattan,Kerry Blue Terrier,7
Manhattan,Spinone Italiano,7
Manhattan,English Setter,6
Manhattan,"Coonhound, Blue Tick",6
Manhattan,Bolognese,6
Manhattan,Kooikerhondje,6
Manhattan,Wirehaired Pointing Griffon,6
Manhattan,Greater Swiss Mountain Dog,6
Manhattan,Portuguese Podengo Pequeno,6
Manhattan,Lakeland Terrier,5
Manhattan,Belgian Griffon,5
Manhattan,Leonberger,5
Manhattan,Jindo,5
Manhattan,American English Coonhound,5
Manhattan,Russell Terrier,5
Manhattan,Berger Picard,5
Manhattan,Field Spaniel,5
Manhattan,Lowchen,4
Manhattan,Chinook,4
Manhattan,Scottish Deerhound,4
Manhattan,Miniature Bull Terrier,4
Manhattan,Schipperke,4
Manhattan,Xoloitzcuintli,4
Manhattan,English Toy Spaniel,4
Manhattan,Saluki,4
Manhattan,Entlebucher Mountain Dog,4
Manhattan,Boerboel,4
Manhattan,Harrier,4
Manhattan,Gordon Setter,4
Manhattan,German Spitz,4
Manhattan,German Wirehaired Pointer,4
Manhattan,Otterhound,3
Manhattan,Sussex Spaniel,3
Manhattan,Mudi,3
Manhattan,Rat Terrier Crossbreed,3
Manhattan,Kromfohrlander,3
Manhattan,Curly-Coated Retriever,3
Manhattan,Dogue de Bordeaux,3
Manhattan,Canaan Dog,3
Manhattan,German Pinscher,3
Manhattan,St. Bernard,3
Manhattan,Barbet,3
Manhattan,Polish Lowland Sheepdog,3
Manhattan,Skye Terrier,3
Manhattan,Treeing Tennessee Brindle,2
Manhattan,Ibizan Hound,2
Manhattan,Dogo Argentino,2
Manhattan,Shiba Inu Crossbreed,2
Manhattan,American Water Spaniel,2
Manhattan,Boykin Spaniel,2
Manhattan,Sealyham Terrier,2
Manhattan,Standard Schnauzer,2
Manhattan,Belgian Tervuren,2
Manhattan,Pembroke Welsh Corgi Crossbreed,2
Manhattan,Hamiltonstovare,2
Manhattan,Kuvasz,2
Manhattan,Dandie Dinmont Terrier,2
Manhattan,Pumi,2
Manhattan,Biewer Terrier,2
Manhattan,Bichon Frise Crossbreed,2
Manhattan,Finnish Lapphund,1
Manhattan,Afghan Hound Crossbreed,1
Manhattan,Spanish Water Dog,1
Manhattan,Portuguese Sheepdog,1
Manhattan,Russian Wolfhound,1
Manhattan,Miniature Fox Terrier,1
Manhattan,Polish Hound,1
Manhattan,Eurasier,1
Manhattan,Grand Basset Griffon Vendeen,1
Manhattan,Giant Schnauzer,1
Manhattan,Karelian Bear Dog,1
Manhattan,Perro de Presa Canario,1
Manhattan,Black Russian Terrier,1
Manhattan,Finnish Spitz,1
Manhattan,Irish Red and White Setter,1
Manhattan,Small Munsterlander Pointer,1
Manhattan,American Leopard Hound,1
Manhattan,German Longhaired Pointer,1
Manhattan,Lancashire Heeler,1
Manhattan,American Hairless Terrier,1
Queens,Unknown,3580
Queens,Yorkshire Terrier,1617
Queens,Shih Tzu,1493
Queens,Maltese,1116
Queens,Chihuahua,1068
Queens,American Pit Bull Terrier/Pit Bull,729
Queens,Labrador Retriever,719
Queens,American Pit Bull Mix / Pit Bull Mix,644
Queens,German Shepherd Dog,576
Queens,Labrador Retriever Crossbreed,552
Queens,Beagle,522
Queens,Pomeranian,485
Queens,Cocker Spaniel,443
Queens,Jack Russell Terrier,365
Queens,Golden Retriever,359
Queens,Siberian Husky,326
Queens,German Shepherd Crossbreed,318
Queens,Bichon Frise,315
Queens,Havanese,297
Queens,"Poodle, Toy",275
Queens,Shiba Inu,268
Queens,Pug,261
Queens,"Poodle, Standard",252
Queens,"Schnauzer, Miniature",245
Queens,Boxer,229
Queens,Shih Tzu Crossbreed,221
Queens,Boston Terrier,213
Queens,Cavalier King Charles Spaniel,212
Queens,"Poodle, Miniature",206
Queens,Poodle,205
Queens,"Bull Dog, English",200
Queens,Lhasa Apso,192
Queens,Rottweiler,184
Queens,Puggle,181
Queens,American Staffordshire Terrier ,168
Queens,Beagle Crossbreed,168
Queens,Yorkshire Terrier Crossbreed,162
Queens,Miniature Pinscher,162
Queens,Poodle Crossbreed,159
Queens,Chihuahua Crossbreed,152
Queens,Dachshund Smooth Coat,145
Queens,"Bull Dog, French",142
Queens,French Bulldog,138
Queens,Pekingese,137
Queens,Maltese Crossbreed,135
Queens,Australian Shepherd,110
Queens,West High White Terrier,110
Queens,Terrier mix,108
Queens,Cairn Terrier,94
Queens,Dachshund,89
Queens,Papillon,85
Queens,American Eskimo dog,81
Queens,Staffordshire Bull Terrier,80
Queens,Miniature Schnauzer,80
Queens,Dachshund Smooth Coat Miniature,77
Queens,Maltipoo,75
Queens,Morkie,74
Queens,"Collie, Border",69
Queens,Labradoodle,65
Queens,Rat Terrier,64
Queens,Shetland Sheepdog,63
Queens,Doberman Pinscher,62
Queens,Wheaton Terrier,62
Queens,Silky Terrier,58
Queens,Bulldog,58
Queens,"Welsh Corgi, Pembroke",54
Queens,Chow Chow,54
Queens,Cane Corso,52
Queens,Border Collie,52
Queens,Bull Terrier,49
Queens,"Schnauzer, Standard",49
Queens,Akita,47
Queens,Pointer,44
Queens,Rhodesian Ridgeback,41
Queens,Greyhound,40
Queens,Australian Cattledog,40
Queens,Collie Crossbreed,40
Queens,"Dachshund, Long Haired",37
Queens,American Bully,36
Queens,Dachshund Crossbreed,36
Queens,Goldendoodle,35
Queens,Terrier Crossbreed,35
Queens,Brussels Griffon,34
Queens,Weimaraner,33
Queens,Italian Greyhound,32
Queens,"Dachshund, Long Haired Miniature",31
Queens,West Highland White Terrier,30
Queens,"Shar-Pei, Chinese",26
Queens,Basenji,25
Queens,Pembroke Welsh Corgi,25
Queens,Bassett Hound,25
Queens,Dalmatian,24
Queens,"Mastiff, Bull",24
Queens,Wire Fox Terrier,24
Queens,Pomeranian Crossbreed,22
Queens,Whippet,21
Queens,Rottweiler Crossbreed,20
Queens,Scottish Terrier,20
Queens,English Cocker Spaniel,19
Queens,"Jindo Dog, Korea",19
Queens,Tibetan Terrier,18
Queens,"Coonhound, Black and Tan",18
Queens,Border Terrier,18
Queens,Belgian Malinois,18
Queens,Great Dane,18
Queens,Siberian Husky Crossbreed,17
Queens,Vizsla,17
Queens,"Dachshund, Wirehaired",15
Queens,Basset Hound,15
Queens,Japanese Chin/Spaniel,14
Queens,Parson Russell Terrier,14
Queens,Soft Coated Wheaten Terrier,14
Queens,Australian Cattle Dog,14
Queens,Brittany Spaniel,14
Queens,Samoyed,13
Queens,Alaskan Malamute,13
Queens,"Pointer, German Shorthaired",13
Queens,Bernese Mountain Dog,13
Queens,Norwich Terrier,13
Queens,Chinese Shar-Pei,12
Queens,Coton de Tulear,12
Queens,Newfoundland,12
Queens,Toy Fox Terrier,11
Queens,Schnauzer Crossbreed,11
Queens,Airedale Terrier,11
Queens,"Dachshund, Wirehaired, Miniature",11
Queens,Cotton De Tulear,11
Queens,Mastiff,11
Queens,Tibetan Spaniel,11
Queens,German Shorthaired Pointer,10
Queens,Plott,10
Queens,Pug Crossbreed,10
Queens,"Welsh Corgi, Cardigan",10
Queens,"Coonhound, Treeing Walker",9
Queens,Akita Crossbreed,9
Queens,Cocker Spaniel Crossbreed,9
Queens,Australian Silky Terrier,9
Queens,Catahoula Leopard Dog,9
Queens,Chesapeake Bay Retriever,9
Queens,"Mastiff, Old English",8
Queens,Puli,8
Queens,Anatolian Shepherd Dog,8
Queens,Jindo,8
Queens,Great Pyrenees,8
Queens,"Mastiff, Neapolitan",8
Queens,Norfolk Terrier,8
Queens,Bichon Frise Crossbreed,8
Queens,Miniature American Shepherd,8
Queens,Schipperkee,7
Queens,Japanese Chin,7
Queens,"Schnauzer, Giant",7
Queens,"Bull Dog, American",7
Queens,Bloodhound,7
Queens,Keeshond,7
Queens,Irish Setter,7
Queens,Dogo Argentino,7
Queens,"Schnauzer, Miniature Crossbreed",6
Queens,Bluetick Coonhound,6
Queens,"Collie, Smooth Coat",6
Queens,Saint Bernard,6
Queens,English Springer Spaniel,6
Queens,"Collie, Rough Coat",6
Queens,Portuguese Water Dog,6
Queens,Old English Sheepdog,6
Queens,Irish Terrier,5
Queens,"Coonhound, Blue Tick",5
Queens,American Foxhound,5
Queens,Bullmastiff,5
Queens,Flat-Coated Retriever,5
Queens,Manchester Terrier,5
Queens,"Mastiff, Tibetan",4
Queens,Australian Terrier,4
Queens,Black and Tan Coonhound,4
Queens,Sealyham Terrier,4
Queens,Collie,4
Queens,Schipperke,4
Queens,Chinese Crested,4
Queens,Pharaoh Hound,4
Queens,Dutch Shepherd,4
Queens,Russell Terrier,4
Queens,Border Collie Crossbreed,4
Queens,Norwegian Elkhound,4
Queens,Bloodhound Crossbreed,3
Queens,Redbone Coonhound,3
Queens,"Mastiff, French (Dogue de Bordeaux)",3
Queens,Boxer Crossbreed,3
Queens,American English Coonhound,3
Queens,Smooth Fox Terrier,3
Queens,"Collie, Bearded ",3
Queens,Harrier,3
Queens,Skye Terrier,3
Queens,Pharoh hound,3
Queens,Portuguese Podengo Pequeno,3
Queens,Xoloitzcuintli,3
Queens,French Spaniel,2
Queens,Biewer Terrier,2
Queens,Afghan Hound,2
Queens,Briard,2
Queens,Canaan Dog,2
Queens,Borzoi,2
Queens,Australian Kelpie,2
Queens,Fila Brasileiro,2
Queens,Bearded Collie,2
Queens,Greater Swiss Mountain Dog,2
Queens,Kerry Blue Terrier,2
Queens,Shiba Inu Crossbreed,2
Queens,Belgian Sheepdog,2
Queens,English Setter,2
Queens,Saluki,2
Queens,Standard Schnauzer,2
Queens,English Toy Spaniel,2
Queens,Cardigan Welsh Corgi,2
Queens,Clumber Spaniel,2
Queens,Dogue de Bordeaux,2
Queens,Spinone Italiano,2
Queens,Giant Schnauzer,2
Queens,Tibetan Mastiff,1
Queens,Hovawart,1
Queens,Perro de Presa Canario,1
Queens,Thai Ridgeback,1
Queens,Cirneco dell,1
Queens,Scottish Deerhound,1
Queens,Chinook,1
Queens,Irish Red and White Setter,1
Queens,German Longhaired Pointer,1
Queens,Brittany,1
Queens,Black Russian Terrier,1
Queens,Petit Basset Griffon Vendeen,1
Queens,Belgian Tervuren,1
Queens,Wirehaired Pointing Griffon,1
Queens,English Foxhound,1
Queens,St. Bernard,1
Queens,Gordon Setter,1
Queens,German Spitz,1
Queens,Bouvier Des Flandres,1
Queens,Welsh Terrier,1
Queens,Eurasier,1
Queens,American Hairless Terrier,1
Queens,Lakeland Terrier,1
Queens,Dandie Dinmont Terrier,1
Queens,Miniature Bull Terrier,1
Queens,Irish Wolfhound,1
Queens,American Leopard Hound,1
Queens,German Pinscher,1
Queens,Treeing Walker Coonhound,1
Staten Island,Unknown,1746
Staten Island,Shih Tzu,705
Staten Island,Yorkshire Terrier,699
Staten Island,Labrador Retriever,572
Staten Island,Maltese,388
Staten Island,American Pit Bull Mix / Pit Bull Mix,368
Staten Island,Chihuahua,347
Staten Island,American Pit Bull Terrier/Pit Bull,319
Staten Island,German Shepherd Dog,277
Staten Island,Labrador Retriever Crossbreed,271
Staten Island,Beagle,233
Staten Island,Golden Retriever,196
Staten Island,Boxer,192
Staten Island,Cocker Spaniel,178
Staten Island,Jack Russell Terrier,174
Staten Island,Pug,162
Staten Island,Pomeranian,161
Staten Island,German Shepherd Crossbreed,154
Staten Island,Bichon Frise,132
Staten Island,Havanese,121
Staten Island,Puggle,107
Staten Island,Dachshund Smooth Coat,102
Staten Island,Cavalier King Charles Spaniel,101
Staten Island,Siberian Husky,101
Staten Island,Rottweiler,99
Staten Island,Miniature Pinscher,97
Staten Island,"Poodle, Standard",94
Staten Island,"Schnauzer, Miniature",92
Staten Island,American Staffordshire Terrier ,92
Staten Island,Boston Terrier,84
Staten Island,"Bull Dog, English",82
Staten Island,Lhasa Apso,75
Staten Island,Beagle Crossbreed,72
Staten Island,"Poodle, Miniature",68
Staten Island,Papillon,63
Staten Island,Shiba Inu,62
Staten Island,Silky Terrier,59
Staten Island,"Poodle, Toy",59
Staten Island,West High White Terrier,58
Staten Island,Pekingese,57
Staten Island,Australian Shepherd,54
Staten Island,Labradoodle,50
Staten Island,Shetland Sheepdog,49
Staten Island,Shih Tzu Crossbreed,49
Staten Island,Wheaton Terrier,46
Staten Island,Cairn Terrier,45
Staten Island,American Eskimo dog,44
Staten Island,Chihuahua Crossbreed,44
Staten Island,Terrier mix,43
Staten Island,Doberman Pinscher,40
Staten Island,Cane Corso,40
Staten Island,Poodle Crossbreed,39
Staten Island,Yorkshire Terrier Crossbreed,37
Staten Island,Dachshund,33
Staten Island,Dachshund Smooth Coat Miniature,33
Staten Island,"Welsh Corgi, Pembroke",32
Staten Island,Maltese Crossbreed,32
Staten Island,Staffordshire Bull Terrier,31
Staten Island,Greyhound,30
Staten Island,French Bulldog,30
Staten Island,"Bull Dog, French",29
Staten Island,Morkie,29
Staten Island,Border Collie,28
Staten Island,Bassett Hound,27
Staten Island,Goldendoodle,26
Staten Island,Poodle,24
Staten Island,Brussels Griffon,23
Staten Island,Bull Terrier,21
Staten Island,"Collie, Border",21
Staten Island,Rhodesian Ridgeback,21
Staten Island,"Schnauzer, Standard",20
Staten Island,Vizsla,20
Staten Island,Bulldog,20
Staten Island,American Bully,19
Staten Island,Cotton De Tulear,18
Staten Island,Bernese Mountain Dog,17
Staten Island,Great Pyrenees,17
Staten Island,Dalmatian,16
Staten Island,Collie Crossbreed,16
Staten Island,Great Dane,15
Staten Island,Wire Fox Terrier,15
Staten Island,Weimaraner,15
Staten Island,Australian Cattledog,15
Staten Island,Rat Terrier,15
Staten Island,"Dachshund, Long Haired",15
Staten Island,Italian Greyhound,15
Staten Island,Pointer,15
Staten Island,Brittany Spaniel,14
Staten Island,Basset Hound,14
Staten Island,Maltipoo,14
Staten Island,Chow Chow,13
Staten Island,"Pointer, German Shorthaired",13
Staten Island,Airedale Terrier,12
Staten Island,Miniature Schnauzer,11
Staten Island,"Mastiff, Bull",11
Staten Island,Newfoundland,11
Staten Island,Scottish Terrier,10
Staten Island,"Shar-Pei, Chinese",10
Staten Island,"Dachshund, Long Haired Miniature",10
Staten Island,Akita,9
Staten Island,Tibetan Terrier,9
Staten Island,Belgian Malinois,9
Staten Island,Basenji,9
Staten Island,Schnauzer Crossbreed,8
Staten Island,West Highland White Terrier,8
Staten Island,Japanese Chin/Spaniel,8
Staten Island,Soft Coated Wheaten Terrier,8
Staten Island,Pomeranian Crossbreed,8
Staten Island,Samoyed,8
Staten Island,Mastiff,8
Staten Island,Alaskan Malamute,8
Staten Island,Terrier Crossbreed,8
Staten Island,Portuguese Water Dog,7
Staten Island,German Shorthaired Pointer,7
Staten Island,American Foxhound,7
Staten Island,Boxer Crossbreed,7
Staten Island,Collie,7
Staten Island,Dachshund Crossbreed,7
Staten Island,Whippet,7
Staten Island,Australian Cattle Dog,6
Staten Island,Border Terrier,6
Staten Island,Saint Bernard,6
Staten Island,Old English Sheepdog,6
Staten Island,Norwegian Elkhound,5
Staten Island,Irish Setter,5
Staten Island,"Schnauzer, Giant",5
Staten Island,Rottweiler Crossbreed,5
Staten Island,"Coonhound, Treeing Walker",5
Staten Island,Dutch Shepherd,5
Staten Island,Pembroke Welsh Corgi,4
Staten Island,Anatolian Shepherd Dog,4
Staten Island,"Jindo Dog, Korea",4
Staten Island,Plott,4
Staten Island,"Collie, Rough Coat",4
Staten Island,"Collie, Bearded ",4
Staten Island,Siberian Husky Crossbreed,4
Staten Island,English Cocker Spaniel,4
Staten Island,Akita Crossbreed,4
Staten Island,"Mastiff, Old English",4
Staten Island,Pug Crossbreed,3
Staten Island,"Bull Dog, American",3
Staten Island,Bloodhound,3
Staten Island,"Pointer, German Wirehaired",3
Staten Island,Bouvier Des Flandres,3
Staten Island,Treeing Walker Coonhound,3
Staten Island,Schipperkee,3
Staten Island,Chinese Crested,3
Staten Island,"Mastiff, French (Dogue de Bordeaux)",3
Staten Island,Dogue de Bordeaux,3
Staten Island,Border Collie Crossbreed,3
Staten Island,Bullmastiff,3
Staten Island,"Coonhound, Blue Tick",3
Staten Island,"Welsh Corgi, Cardigan",2
Staten Island,Glen of Imaal Terrier,2
Staten Island,Brittany,2
Staten Island,Flat-Coated Retriever,2
Staten Island,Ibizan Hound,2
Staten Island,Irish Wolfhound,2
Staten Island,Cardigan Welsh Corgi,2
Staten Island,Bolognese,2
Staten Island,Spinone Italiano,2
Staten Island,"Schnauzer, Miniature Crossbreed",2
Staten Island,English Springer Spaniel,2
Staten Island,Norfolk Terrier,2
Staten Island,"Collie, Smooth Coat",2
Staten Island,Coton de Tulear,2
Staten Island,Manchester Terrier,2
Staten Island,Bearded Collie,2
Staten Island,Thai Ridgeback,2
Staten Island,Miniature Bull Terrier,2
Staten Island,Petit Basset Griffon Vendeen,2
Staten Island,Treeing Tennessee Brindle,2
Staten Island,Lagotto Romagnolo,2
Staten Island,Giant Schnauzer,1
Staten Island,Leonberger,1
Staten Island,Black and Tan Coonhound,1
Staten Island,Affenpinscher,1
Staten Island,Chesapeake Bay Retriever,1
Staten Island,Russian Toy,1
Staten Island,Kerry Blue Terrier,1
Staten Island,Norwich Terrier,1
Staten Island,Shiba Inu Crossbreed,1
Staten Island,Belgian Tervuren,1
Staten Island,Tibetan Spaniel,1
Staten Island,Japanese Chin,1
Staten Island,Boerboel,1
Staten Island,"Mastiff, Neapolitan",1
Staten Island,Standard Schnauzer,1
Staten Island,Catahoula Leopard Dog,1
Staten Island,Karelian Bear Dog,1
Staten Island,Chinese Shar-Pei,1
Staten Island,St. Bernard,1
Staten Island,Parson Russell Terrier,1
Staten Island,Neapolitan Mastiff,1
Staten Island,"Mastiff, Tibetan",1
Staten Island,Bichon Frise Crossbreed,1
Staten Island,Nova Scotia Duck Tolling Retriever,1
Staten Island,English Foxhound,1
Staten Island,Jindo,1
Staten Island,Australian Silky Terrier,1
Staten Island,Saluki,1
Staten Island,Redbone Coonhound,1
Staten Island,Cocker Spaniel Crossbreed,1
Staten Island,Afghan Hound,1
Staten Island,"Coonhound, Black and Tan",1
Staten Island,Xoloitzcuintli,1
Staten Island,Irish Terrier,1
Staten Island,Gordon Setter,1
Staten Island,Toy Fox Terrier,1
Staten Island,Kuvasz,1
Staten Island,Puli,1
